<?xml version="1.0" encoding="UTF-8"?>
<!DOCTYPE suite SYSTEM "https://testng.org/testng-1.0.dtd">
<suite name="Suite">
  <test thread-count="5" name="Test1">
  <classes>
  <class name="automationFramework.Test1"/>
  </classes>
  </test><!-- Test1 -->
  <test thread-count="5" name="Test2">
  <classes>
  <class name="automationFramework.Test2"/>
  </classes>
  </test> <!-- Test2 -->
  <test thread-count="5" name="Test3">
  <classes>
  <class name="automationFramework.Test3"/>
  </classes>
  </test> <!-- Test3 -->
</suite> <!-- Suite -->
